{
  "भोजपुर": [
    "षडानन्द नगरपालिका ",
    "भोजपुर नगरपालिका ",
    "हतुवागढी गाउँपालिका ",
    "रामप्रसाद राई गाउँपालिका ",
    "आमचोक गाउँपालिका ",
    "टेम्केमैयुङ गाउँपालिका ",
    "अरुण गाउँपालिका ",
    "पौवादुङमा गाउँपालिका ",
    "साल्पासिलिछो गाउँपालिका "
  ],
  "धनकुटा": [
    "धनकुटा नगरपालिका ",
    "पाख्रिबास नगरपालिका ",
    "महालक्ष्मी नगरपालिका ",
    "साँगुरीगढी गाउँपालिका ",
    "चौविसे गाउँपालिका ",
    "सहिदभूमि गाउँपालिका ",
    "छथर जोरपाटी गाउँपालिका "
  ],
  "इलाम": [
    "सूर्योदय नगरपालिका ",
    "ईलाम नगरपालिका ",
    "देउमाई नगरपालिका ",
    "माईजोगमाई गाउँपालिका ",
    "फाकफोकथुम गाउँपालिका ",
    "माई नगरपालिका ",
    "चुलाचुली गाउँपालिका ",
    "रोङ गाउँपालिका ",
    "माङसेबुङ गाउँपालिका ",
    "सन्दकपुर गाउँपालिका "
  ],
  "झापा": [
    "मेचीनगर नगरपालिका ",
    "विर्तामोड नगरपालिका ",
    "दमक नगरपालिका ",
    "भद्रपुर नगरपालिका ",
    "शिवशताक्षी नगरपालिका ",
    "अर्जुनधारा नगरपालिका ",
    "गौरादह नगरपालिका ",
    "कन्काई नगरपालिका ",
    "कमल गाउँपालिका ",
    "बुद्धशान्ति गाउँपालिका ",
    "कचनकवल गाउँपालिका ",
    "झापा गाउँपालिका ",
    "बाह्रदशी गाउँपालिका ",
    "गौरीगंज गाउँपालिका ",
    "हल्दिवारी गाउँपालिका "
  ],
  "खोटाङ": [
    "दिक्तेल रुपाकोट मझुवागढी नगरपालिका ",
    "हलेसी तुवाचुङ नगरपालिका ",
    "खोटेहाङ गाउँपालिका ",
    "दिप्रुङ चुइचुम्मा गाउँपालिका ",
    "ऐसेलुखर्क गाउँपालिका ",
    "जन्तेढुंगा गाउँपालिका ",
    "केपिलासगढी गाउँपालिका ",
    "वराहपोखरी गाउँपालिका ",
    "रावा बेसी गाउँपालिका ",
    "साकेला गाउँपालिका "
  ],
  "मोरंग": [
    "विराटनगर महानगरपालिका",
    "सुन्दरहरैचा नगरपालिका ",
    "बेलवारी नगरपालिका ",
    "पथरी शनिश्चरे नगरपालिका ",
    "रतुवामाई नगरपालिका ",
    "उर्लावारी नगरपालिका ",
    "रंगेली नगरपालिका ",
    "सुनवर्षि नगरपालिका ",
    "लेटाङ नगरपालिका ",
    "जहदा गाउँपालिका ",
    "बुढीगंगा गाउँपालिका ",
    "कटहरी गाउँपालिका ",
    "धनपालथान गाउँपालिका ",
    "कानेपोखरी गाउँपालिका ",
    "ग्रामथान गाउँपालिका ",
    "केरावारी गाउँपालिका ",
    "मिक्लाजुङ गाउँपालिका "
  ],
  "ओखलढुंगा": [
    "सिद्दिचरण नगरपालिका ",
    "खिजिदेम्बा गाउँपालिका ",
    "चिशंखुगढी गाउँपालिका ",
    "मोलुङ गाउँपालिका ",
    "सुनकोशी गाउँपालिका ",
    "चम्पादेवी गाउँपालिका ",
    "मानेभञ्याङ गाउँपालिका ",
    "लिखु गाउँपालिका "
  ],
  "पांचथर": [
    "फिदिम नगरपालिका ",
    "मिक्लाजुङ गाउँपालिका ",
    "फाल्गुनन्द गाउँपालिका ",
    "हिलिहाङ गाउँपालिका ",
    "फालेलुङ गाउँपालिका ",
    "याङवरक गाउँपालिका ",
    "कुम्मायक गाउँपालिका ",
    "तुम्बेवा गाउँपालिका "
  ],
  "संखुवासभा": [
    "खाँदवारी नगरपालिका ",
    "चैनपुर नगरपालिका ",
    "धर्मदेवी नगरपालिका ",
    "पाँचखपन नगरपालिका ",
    "मादी नगरपालिका ",
    "मकालु गाउँपालिका ",
    "सिलीचोङ गाउँपालिका ",
    "सभापोखरी गाउँपालिका ",
    "चिचिला गाउँपालिका ",
    "भोटखोला गाउँपालिका "
  ],
  "सोलुखुम्बू": [
    "सोलुदुधकुण्ड नगरपालिका ",
    "माप्य दुधकोशी गाउँपालिका ",
    "नेचासल्यान गाउँपालिका ",
    "थुलुङ दुधकोशी गाउँपालिका ",
    "माहाकुलुङ गाउँपालिका ",
    "सोताङ गाउँपालिका ",
    "खुम्वु पासाङल्हमु गाउँपालिका ",
    "लिखु पिके गाउँपालिका "
  ],
  "सुनसरी": [
    "बराहक्षेत्र नगरपालिका ",
    "ईनरुवा नगरपालिका ",
    "दुहवी नगरपालिका ",
    "रामधुनी नगरपालिका ",
    "ईटहरी उपमहानगरपालिका",
    "धरान उपमहानगरपालिका",
    "कोशी गाउँपालिका ",
    "हरिनगर गाउँपालिका ",
    "भोक्राहा नरसिंह गाउँपालिका ",
    "देवानगञ्ज गाउँपालिका ",
    "गढी गाउँपालिका ",
    "बर्जु गाउँपालिका "
  ],
  "ताप्लेजुंग": [
    "फुङलिङ नगरपालिका ",
    "सिरीजङ्घा गाउँपालिका ",
    "आठराई त्रिवेणी गाउँपालिका ",
    "पाथीभरा याङवरक गाउँपालिका ",
    "मेरिङदेन गाउँपालिका ",
    "सिदिङ्वा गाउँपालिका ",
    "फक्ताङलुङ गाउँपालिका ",
    "मैवाखोला गाउँपालिका ",
    "मिक्वाखोला गाउँपालिका "
  ],
  "तेह्रथुम": [
    "म्याङलुङ नगरपालिका ",
    "लालीगुराँस नगरपालिका ",
    "आठराई गाउँपालिका ",
    "फेदाप गाउँपालिका ",
    "छथर गाउँपालिका ",
    "मेन्छयायेम गाउँपालिका "
  ],
  "उदयपुर": [
    "त्रियुगा नगरपालिका ",
    "कटारी नगरपालिका ",
    "चौदण्डीगढी नगरपालिका ",
    "वेलका नगरपालिका ",
    "उदयपुरगढी गाउँपालिका ",
    "रौतामाई गाउँपालिका ",
    "ताप्ली गाउँपालिका ",
    "लिम्चुङ्बुङ गाउँपालिका "
  ],
  "पर्सा": [
    "बिरगंज महानगरपालिका",
    "बहुदरमाई नगरपालिका ",
    "पर्सागढी नगरपालिका ",
    "पोखरिया नगरपालिका ",
    "बिन्दबासिनी गाउँपालिका ",
    "धोबीनी गाउँपालिका ",
    "छिपहरमाई गाउँपालिका ",
    "जगरनाथपुर गाउँपालिका ",
    "जिरा भवानी गाउँपालिका ",
    "कालिकामाई गाउँपालिका ",
    "पकाहा मैनपुर गाउँपालिका ",
    "पटेर्वा सुगौली गाउँपालिका ",
    "सखुवा प्रसौनी गाउँपालिका ",
    "ठोरी गाउँपालिका "
  ],
  "बारा": [
    "कलैया उपमहानगरपालिका",
    "जीतपुर सिमरा उपमहानगरपालिका",
    "कोल्हवी नगरपालिका ",
    "निजगढ नगरपालिका ",
    "महागढीमाई नगरपालिका ",
    "सिम्रौनगढ नगरपालिका ",
    "पचरौता नगरपालिका ",
    "फेटा गाउँपालिका ",
    "विश्रामपुर गाउँपालिका ",
    "प्रसौनी गाउँपालिका ",
    "आदर्श कोटवाल गाउँपालिका ",
    "करैयामाई गाउँपालिका ",
    "देवताल गाउँपालिका ",
    "परवानीपुर गाउँपालिका ",
    "बारागढी गाउँपालिका ",
    "सुवर्ण गाउँपालिका "
  ],
  "रौतहट": [
    "बौधीमाई नगरपालिका ",
    "बृन्दावन नगरपालिका ",
    "चन्द्रपुर नगरपालिका ",
    "देवाही गोनाही नगरपालिका ",
    "गढीमाई नगरपालिका ",
    "गरुडा नगरपालिका ",
    "गौर नगरपालिका ",
    "गुजरा नगरपालिका ",
    "ईशनाथ नगरपालिका ",
    "कटहरिया नगरपालिका ",
    "माधव नारायण नगरपालिका ",
    "मौलापुर नगरपालिका ",
    "परोहा नगरपालिका ",
    "फतुवाबिजयपुर नगरपालिका ",
    "राजदेवी नगरपालिका ",
    "राजपुर नगरपालिका ",
    "दुर्गा भगवती गाउँपालिका ",
    "यमुनामाई गाउँपालिका "
  ],
  "सर्लाही": [
    "बागमती नगरपालिका ",
    "बलरा नगरपालिका ",
    "बरहथवा नगरपालिका ",
    "गोडैटा नगरपालिका ",
    "हरिवन नगरपालिका ",
    "हरिपुर नगरपालिका ",
    "हरिपुर्वा नगरपालिका ",
    "ईश्वरपुर नगरपालिका ",
    "कविलासी नगरपालिका ",
    "लालबन्दी नगरपालिका ",
    "मलंगवा नगरपालिका ",
    "बसबरीया गाउँपालिका ",
    "विष्णु गाउँपालिका ",
    "ब्रह्मपुरी गाउँपालिका ",
    "चक्रघट्टा गाउँपालिका ",
    "चन्द्रनगर गाउँपालिका ",
    "धनकौल गाउँपालिका ",
    "कौडेना गाउँपालिका ",
    "पर्सा गाउँपालिका ",
    "रामनगर गाउँपालिका "
  ],
  "सिरहा": [
    "लहान नगरपालिका ",
    "धनगढीमाई नगरपालिका ",
    "सिरहा नगरपालिका ",
    "गोलबजार नगरपालिका ",
    "मिर्चैयाँ नगरपालिका ",
    "कल्याणपुर नगरपालिका ",
    "कर्जन्हा नगरपालिका ",
    "सुखीपुर नगरपालिका ",
    "भगवानपुर गाउँपालिका ",
    "औरही गाउँपालिका ",
    "विष्णुपुर गाउँपालिका ",
    "बरियारपट्टी गाउँपालिका ",
    "लक्ष्मीपुर पतारी गाउँपालिका ",
    "नरहा गाउँपालिका ",
    "सखुवानान्कारकट्टी गाउँपालिका ",
    "अर्नमा गाउँपालिका ",
    "नवराजपुर गाउँपालिका "
  ],
  "धनुषा": [
    "जनकपुरधाम उपमहानगरपालिका",
    "क्षिरेश्वरनाथ नगरपालिका ",
    "गणेशमान चारनाथ नगरपालिका ",
    "धनुषाधाम नगरपालिका ",
    "नगराइन नगरपालिका ",
    "विदेह नगरपालिका ",
    "मिथिला नगरपालिका ",
    "शहीदनगर नगरपालिका ",
    "सबैला नगरपालिका ",
    "कमला नगरपालिका ",
    "मिथिला बिहारी नगरपालिका ",
    "हंसपुर नगरपालिका ",
    "जनकनन्दिनी गाउँपालिका ",
    "बटेश्वर गाउँपालिका ",
    "मुखियापट्टी मुसहरमिया गाउँपालिका ",
    "लक्ष्मीनिया गाउँपालिका ",
    "औरही गाउँपालिका ",
    "धनौजी गाउँपालिका "
  ],
  "सप्तरी": [
    "बोदेबरसाईन नगरपालिका ",
    "डाक्नेश्वरी नगरपालिका ",
    "हनुमाननगर कङ्‌कालिनी नगरपालिका ",
    "कञ्चनरुप नगरपालिका ",
    "खडक नगरपालिका ",
    "शम्भुनाथ नगरपालिका ",
    "सप्तकोशी नगरपालिका ",
    "सुरुङ्‍गा नगरपालिका ",
    "राजविराज नगरपालिका ",
    "अग्निसाइर कृष्णासरवन गाउँपालिका ",
    "बलान-बिहुल गाउँपालिका ",
    "राजगढ गाउँपालिका ",
    "बिष्णुपुर गाउँपालिका ",
    "छिन्नमस्ता गाउँपालिका ",
    "महादेवा गाउँपालिका ",
    "रुपनी गाउँपालिका ",
    "तिलाठी कोईलाडी गाउँपालिका ",
    "तिरहुत गाउँपालिका "
  ],
  "महोत्तरी": [
    "औरही नगरपालिका ",
    "बलवा नगरपालिका ",
    "बर्दिबास नगरपालिका ",
    "भँगाहा नगरपालिका ",
    "गौशाला नगरपालिका ",
    "जलेश्वर नगरपालिका ",
    "लोहरपट्टी नगरपालिका ",
    "मनरा शिसवा नगरपालिका ",
    "मटिहानी नगरपालिका ",
    "रामगोपालपुर नगरपालिका ",
    "एकडारा गाउँपालिका ",
    "महोत्तरी गाउँपालिका ",
    "पिपरा गाउँपालिका ",
    "साम्सी गाउँपालिका ",
    "सोनमा गाउँपालिका "
  ],
  "भक्तपुर": [
    "भक्तपुर नगरपालिका ",
    "चाँगुनारायण नगरपालिका ",
    "सूर्यविनायक नगरपालिका ",
    "मध्यपुर थिमी नगरपालिका "
  ],
  "चितवन": [
    "भरतपुर महानगरपालिका",
    "कालिका नगरपालिका ",
    "खैरहनी नगरपालिका ",
    "माडी नगरपालिका ",
    "रत्ननगर नगरपालिका ",
    "राप्ती नगरपालिका ",
    "इच्छाकामना गाउँपालिका "
  ],
  "धादिंङ्ग": [
    "धुनीबेंशी नगरपालिका ",
    "निलकण्ठ नगरपालिका ",
    "खनियाबास गाउँपालिका ",
    "गजुरी गाउँपालिका ",
    "गल्छी गाउँपालिका ",
    "गङ्गाजमुना गाउँपालिका ",
    "ज्वालामूखी गाउँपालिका ",
    "थाक्रे गाउँपालिका ",
    "नेत्रावती डबजोङ गाउँपालिका ",
    "बेनीघाट रोराङ्ग गाउँपालिका ",
    "रुवी भ्याली गाउँपालिका ",
    "सिद्धलेक गाउँपालिका ",
    "त्रिपुरासुन्दरी गाउँपालिका "
  ],
  "दोलखा": [
    "भिमेश्वर नगरपालिका ",
    "जिरी नगरपालिका ",
    "कालिन्चोक गाउँपालिका ",
    "मेलुङ्ग गाउँपालिका ",
    "विगु गाउँपालिका ",
    "गौरीशङ्कर गाउँपालिका ",
    "वैतेश्वर गाउँपालिका ",
    "शैलुङ्ग गाउँपालिका ",
    "तामाकोशी गाउँपालिका "
  ],
  "काठमाडौँ": [
    "काठमाण्डौं महानगरपालिका",
    "गोकर्णेश्वर नगरपालिका ",
    "कीर्तिपुर नगरपालिका ",
    "कागेश्वरी मनोहरा नगरपालिका ",
    "चन्द्रागिरी नगरपालिका ",
    "टोखा नगरपालिका ",
    "तारकेश्वर नगरपालिका ",
    "दक्षिणकाली नगरपालिका ",
    "नागार्जुन नगरपालिका ",
    "बुढानिलकण्ठ नगरपालिका ",
    "शङ्खरापुर नगरपालिका "
  ],
  "काभ्रेपलान्चोक": [
    "धुलिखेल नगरपालिका ",
    "नमोबुद्ध नगरपालिका ",
    "पनौती नगरपालिका ",
    "पाँचखाल नगरपालिका ",
    "बनेपा नगरपालिका ",
    "मण्डनदेउपुर नगरपालिका ",
    "खानीखोला गाउँपालिका ",
    "चौंरीदेउराली गाउँपालिका ",
    "तेमाल गाउँपालिका ",
    "बेथानचोक गाउँपालिका ",
    "भुम्लु गाउँपालिका ",
    "महाभारत गाउँपालिका ",
    "रोशी गाउँपालिका "
  ],
  "ललितपुर": [
    "ललितपुर महानगरपालिका",
    "महालक्ष्मी नगरपालिका ",
    "गोदावरी नगरपालिका ",
    "कोन्ज्योसोम गाउँपालिका ",
    "बागमती गाउँपालिका ",
    "महाङ्काल गाउँपालिका "
  ],
  "मकवानपुर": [
    "हेटौडा उपमहानगरपालिका",
    "थाहा नगरपालिका ",
    "भिमफेदी गाउँपालिका ",
    "मकवानपुरगढी गाउँपालिका ",
    "मनहरी गाउँपालिका ",
    "राक्सिराङ्ग गाउँपालिका ",
    "बकैया गाउँपालिका ",
    "बाग्मति गाउँपालिका ",
    "कैलाश गाउँपालिका ",
    "इन्द्रसरोबर गाउँपालिका "
  ],
  "नुवाकोट": [
    "विदुर नगरपालिका ",
    "बेलकोटगढी नगरपालिका ",
    "ककनी गाउँपालिका ",
    "पञ्चकन्या गाउँपालिका ",
    "लिखु गाउँपालिका ",
    "दुप्चेश्वर गाउँपालिका ",
    "शिवपुरी गाउँपालिका ",
    "तादी गाउँपालिका ",
    "सुर्यगढी गाउँपालिका ",
    "तारकेश्वर गाउँपालिका ",
    "किस्पाङ गाउँपालिका ",
    "म्यगङ गाउँपालिका "
  ],
  "रामेछाप": [
    "मन्थली नगरपालिका ",
    "रामेछाप नगरपालिका ",
    "उमाकुण्ड गाउँपालिका ",
    "खाँडादेवी गाउँपालिका ",
    "दोरम्बा गाउँपालिका ",
    "गोकुलगङ्गा गाउँपालिका ",
    "लिखु तामाकोशी गाउँपालिका ",
    "सुनापती गाउँपालिका "
  ],
  "रसुवा": [
    "कालिका गाउँपालिका ",
    "गोसाईकुण्ड गाउँपालिका ",
    "नौकुण्ड गाउँपालिका ",
    "आमाछोदिङमो गाउँपालिका ",
    "उत्तरगया गाउँपालिका "
  ],
  "सिन्धुली": [
    "कमलामाई नगरपालिका ",
    "दुधौली नगरपालिका ",
    "सुनकोशी गाउँपालिका ",
    "हरिहरपुरगढी गाउँपालिका ",
    "तीनपाटन गाउँपालिका ",
    "मरिण गाउँपालिका ",
    "गोलन्जर गाउँपालिका ",
    "फिक्कल गाउँपालिका ",
    "घ्याङलेख गाउँपालिका "
  ],
  "सिन्धुपाल्चोक": [
    "चौतारा साँगाचोकगढी नगरपालिका ",
    "बाह्रविसे नगरपालिका ",
    "मेलम्ची नगरपालिका ",
    "बलेफी गाउँपालिका ",
    "सुनकोशी गाउँपालिका ",
    "ईन्द्रावती गाउँपालिका ",
    "जुगल गाउँपालिका ",
    "पाँचपोखरी थाङपाल गाउँपालिका ",
    "भोटेकोशी गाउँपालिका ",
    "लिसङ्खु पाखर गाउँपालिका ",
    "हेलम्बु गाउँपालिका ",
    "त्रिपुरासुन्दरी गाउँपालिका "
  ],
  "बागलुङ": [
    "बागलुङ नगरपालिका ",
    "ढोरपाटन नगरपालिका ",
    "गल्कोट नगरपालिका ",
    "जैमूनी नगरपालिका ",
    "वरेङ गाउँपालिका ",
    "काठेखोला गाउँपालिका ",
    "तमानखोला गाउँपालिका ",
    "ताराखोला गाउँपालिका ",
    "निसीखोला गाउँपालिका ",
    "वडिगाड गाउँपालिका "
  ],
  "गोरखा": [
    "गोरखा नगरपालिका ",
    "पालुङटार नगरपालिका ",
    "बारपाक सुलिकोट गाउँपालिका ",
    "सिरानचोक गाउँपालिका ",
    "अजिरकोट गाउँपालिका ",
    "चुमनुव्री गाउँपालिका ",
    "धार्चे गाउँपालिका ",
    "भिमसेनथापा गाउँपालिका ",
    "शहिद लखन गाउँपालिका ",
    "आरूघाट गाउँपालिका ",
    "गण्डकी गाउँपालिका "
  ],
  "कास्की": [
    "पोखरा महानगरपालिका",
    "अन्नपूर्ण गाउँपालिका ",
    "माछापुच्छ्रे गाउँपालिका ",
    "मादी गाउँपालिका ",
    "रूपा गाउँपालिका "
  ],
  "लमजुङ": [
    "बेसीशहर नगरपालिका ",
    "मध्यनेपाल नगरपालिका ",
    "रारइनास नगरपालिका ",
    "सुन्दरबजार नगरपालिका ",
    "दोर्दी गाउँपालिका ",
    "दूधपोखरी गाउँपालिका ",
    "क्व्होलासोथार गाउँपालिका ",
    "मर्स्याङदी गाउँपालिका "
  ],
  "मनाङ": [
    "चामे गाउँपालिका ",
    "नासोँ गाउँपालिका ",
    "नार्पा भूमि गाउँपालिका ",
    "मनाङ ङिस्याङ गाउँपालिका "
  ],
  "मुस्ताङ": [
    "घरपझोङ गाउँपालिका ",
    "थासाङ गाउँपालिका ",
    "वारागुङ मुक्तिक्षेत्र गाउँपालिका ",
    "लोमन्थाङ गाउँपालिका ",
    "लो-घेकर दामोदरकुण्ड गाउँपालिका "
  ],
  "म्याग्दी": [
    "बेनी नगरपालिका ",
    "अन्नपुर्ण गाउँपालिका ",
    "धवलागिरी गाउँपालिका ",
    "मंगला गाउँपालिका ",
    "मालिका गाउँपालिका ",
    "रघुगंगा गाउँपालिका "
  ],
  "नवलपरासी (पूर्व)": [
    "कावासोती नगरपालिका ",
    "गैडाकोट नगरपालिका ",
    "देवचुली नगरपालिका ",
    "मध्यविन्दु नगरपालिका ",
    "बौदीकाली गाउँपालिका ",
    "बुलिङटार गाउँपालिका ",
    "विनयी त्रिवेणी गाउँपालिका ",
    "हुप्सेकोट गाउँपालिका "
  ],
  "पर्वत": [
    "कुश्मा नगरपालिका ",
    "फलेवास नगरपालिका ",
    "जलजला गाउँपालिका ",
    "पैयूं गाउँपालिका ",
    "महाशिला गाउँपालिका ",
    "मोदी गाउँपालिका ",
    "विहादी गाउँपालिका "
  ],
  "स्याङग्जा": [
    "गल्याङ नगरपालिका ",
    "चापाकोट नगरपालिका ",
    "पुतलीबजार नगरपालिका ",
    "भीरकोट नगरपालिका ",
    "वालिङ नगरपालिका ",
    "अर्जुनचौपारी गाउँपालिका ",
    "आँधिखोला गाउँपालिका ",
    "कालीगण्डकी गाउँपालिका ",
    "फेदीखोला गाउँपालिका ",
    "हरिनास गाउँपालिका ",
    "बिरुवा गाउँपालिका "
  ],
  "तनहुँ": [
    "भानु नगरपालिका ",
    "भिमाद नगरपालिका ",
    "व्यास नगरपालिका ",
    "शुक्लागण्डकी नगरपालिका ",
    "आँबुखैरेनी गाउँपालिका ",
    "देवघाट गाउँपालिका ",
    "वन्दिपुर गाउँपालिका ",
    "ऋषिङ्ग गाउँपालिका ",
    "घिरिङ गाउँपालिका ",
    "म्याग्दे गाउँपालिका "
  ],
  "कपिलवस्तु": [
    "कपिलवस्तु नगरपालिका ",
    "बाणगंगा नगरपालिका ",
    "बुद्धभुमी नगरपालिका ",
    "शिवराज नगरपालिका ",
    "कृष्णनगर नगरपालिका ",
    "महाराजगंज नगरपालिका ",
    "मायादेवी गाउँपालिका ",
    "यसोधरा गाउँपालिका ",
    "सुद्धोधन गाउँपालिका ",
    "विजयनगर गाउँपालिका "
  ],
  "नवलपरासी (पश्चिम)": [
    "बर्दघाट नगरपालिका ",
    "रामग्राम नगरपालिका ",
    "सुनवल नगरपालिका ",
    "सुस्ता गाउँपालिका ",
    "पाल्हीनन्दन गाउँपालिका ",
    "प्रतापपुर गाउँपालिका ",
    "सरावल गाउँपालिका "
  ],
  "रुपन्देही": [
    "बुटवल उपमहानगरपालिका",
    "देवदह नगरपालिका ",
    "लुम्बिनी सांस्कृतिक नगरपालिका ",
    "सैनामैना नगरपालिका ",
    "सिद्धार्थनगर नगरपालिका ",
    "तिलोत्तमा नगरपालिका ",
    "गैडहवा गाउँपालिका ",
    "कन्चन गाउँपालिका ",
    "कोटहीमाई गाउँपालिका ",
    "मर्चवारी गाउँपालिका ",
    "मायादेवी गाउँपालिका ",
    "ओमसतिया गाउँपालिका ",
    "रोहिणी गाउँपालिका ",
    "सम्मरीमाई गाउँपालिका ",
    "सियारी गाउँपालिका ",
    "शुद्धोधन गाउँपालिका "
  ],
  "अर्घाखाँची": [
    "सन्धिखर्क नगरपालिका ",
    "शितगंगा नगरपालिका ",
    "भूमिकास्थान नगरपालिका ",
    "छत्रदेव गाउँपालिका ",
    "पाणिनी गाउँपालिका ",
    "मालारानी गाउँपालिका "
  ],
  "गुल्मी": [
    "रेसुङ्गा नगरपालिका ",
    "मुसिकोट नगरपालिका ",
    "रुरुक्षेत्र गाउँपालिका ",
    "छत्रकोट गाउँपालिका ",
    "गुल्मी दरबार गाउँपालिका ",
    "चन्द्रकोट गाउँपालिका ",
    "सत्यवती गाउँपालिका ",
    "धुर्कोट गाउँपालिका ",
    "कालीगण्डकी गाउँपालिका ",
    "ईस्मा गाउँपालिका ",
    "मालिका गाउँपालिका ",
    "मदाने गाउँपालिका "
  ],
  "पाल्पा": [
    "तानसेन नगरपालिका ",
    "रामपुर नगरपालिका ",
    "रैनादेवी छहरा गाउँपालिका ",
    "रिब्दिकोट गाउँपालिका ",
    "बगनासकाली गाउँपालिका ",
    "रम्भा गाउँपालिका ",
    "पूर्वखोला गाउँपालिका ",
    "निस्दी गाउँपालिका ",
    "माथागढी गाउँपालिका ",
    "तिनाउ गाउँपालिका "
  ],
  "दाङ": [
    "घोराही उपमहानगरपालिका",
    "तुल्सीपुर उपमहानगरपालिका",
    "लमही नगरपालिका ",
    "गढवा गाउँपालिका ",
    "राजपुर गाउँपालिका ",
    "शान्तिनगर गाउँपालिका ",
    "राप्ती गाउँपालिका ",
    "बंगलाचुली गाउँपालिका ",
    "दंगीशरण गाउँपालिका ",
    "बबई गाउँपालिका "
  ],
  "प्युठान": [
    "स्वर्गद्वारी नगरपालिका ",
    "प्यूठान नगरपालिका ",
    "माण्डवी गाउँपालिका ",
    "सरुमारानी गाउँपालिका ",
    "ऐरावती गाउँपालिका ",
    "मल्लरानी गाउँपालिका ",
    "झिमरुक गाउँपालिका ",
    "नौवहिनी गाउँपालिका ",
    "गौमुखी गाउँपालिका "
  ],
  "रोल्पा": [
    "रोल्पा नगरपालिका ",
    "रुन्टीगढी गाउँपालिका ",
    "त्रिवेणी गाउँपालिका ",
    "सुनिल स्मृति गाउँपालिका ",
    "लुङग्री गाउँपालिका ",
    "सुनछहरी गाउँपालिका ",
    "थवाङ गाउँपालिका ",
    "माडी गाउँपालिका ",
    "गंगादेव गाउँपालिका ",
    "परिवर्तन गाउँपालिका "
  ],
  "रुकुम (पूर्व)": [
    "पुथा उत्तरगंगा गाउँपालिका ",
    "भूमे गाउँपालिका ",
    "सिस्ने गाउँपालिका "
  ],
  "बाँके": [
    "नेपालगंज उपमहानगरपालिका",
    "कोहलपुर नगरपालिका ",
    "राप्ती सोनारी गाउँपालिका ",
    "नरैनापुर गाउँपालिका ",
    "डुडुवा गाउँपालिका ",
    "जानकी गाउँपालिका ",
    "खजुरा गाउँपालिका ",
    "बैजनाथ गाउँपालिका "
  ],
  "बर्दिया": [
    "गुलरिया नगरपालिका ",
    "राजापुर नगरपालिका ",
    "मधुवन नगरपालिका ",
    "ठाकुरबाबा नगरपालिका ",
    "बाँसगढी नगरपालिका ",
    "बारबर्दिया नगरपालिका ",
    "बढैयाताल गाउँपालिका ",
    "गेरुवा गाउँपालिका "
  ],
  "रुकुम (पश्चिम)": [
    "आठबिसकोट नगरपालिका ",
    "मुसिकोट नगरपालिका ",
    "चौरजहारी नगरपालिका ",
    "सानी भेरी गाउँपालिका ",
    "त्रिवेणी गाउँपालिका ",
    "बाँफिकोट गाउँपालिका "
  ],
  "सल्यान": [
    "बागचौर नगरपालिका ",
    "शारदा नगरपालिका ",
    "बनगाड कुपिण्डे नगरपालिका ",
    "कुमाख गाउँपालिका ",
    "कालिमाटी गाउँपालिका ",
    "छत्रेश्वरी गाउँपालिका ",
    "दार्मा गाउँपालिका ",
    "कपुरकोट गाउँपालिका ",
    "त्रिवेणी गाउँपालिका ",
    "सिद्ध कुमाख गाउँपालिका "
  ],
  "डोल्पा": [
    "ठूली भेरी नगरपालिका ",
    "त्रिपुरासुन्दरी नगरपालिका ",
    "मुड्केचुला गाउँपालिका ",
    "काईके गाउँपालिका ",
    "शे फोक्सुन्डो गाउँपालिका ",
    "जगदुल्ला गाउँपालिका ",
    "डोल्पो बुद्ध गाउँपालिका ",
    "छार्का ताङसोङ गाउँपालिका "
  ],
  "हुम्ला": [
    "सिमकोट गाउँपालिका ",
    "सर्केगाड गाउँपालिका ",
    "अदानचुली गाउँपालिका ",
    "खार्पुनाथ गाउँपालिका ",
    "ताँजाकोट गाउँपालिका ",
    "चंखेली गाउँपालिका ",
    "नाम्खा गाउँपालिका "
  ],
  "जुम्ला": [
    "चन्दननाथ नगरपालिका ",
    "तातोपानी गाउँपालिका ",
    "पातारासी गाउँपालिका ",
    "तिला गाउँपालिका ",
    "कनकासुन्दरी गाउँपालिका ",
    "सिंजा गाउँपालिका ",
    "हिमा गाउँपालिका ",
    "गुठिचौर गाउँपालिका "
  ],
  "कालिकोट": [
    "खाँडाचक्र नगरपालिका ",
    "रास्कोट नगरपालिका ",
    "तिलागुफा नगरपालिका ",
    "नरहरिनाथ गाउँपालिका ",
    "पलाता गाउँपालिका ",
    "शुभ कालीका गाउँपालिका ",
    "सान्नी त्रिवेणी गाउँपालिका ",
    "पचालझरना गाउँपालिका ",
    "महावै गाउँपालिका "
  ],
  "मुगु": [
    "छायाँनाथ रारा नगरपालिका ",
    "खत्याड गाउँपालिका ",
    "सोरु गाउँपालिका ",
    "मुगुम कार्मारोंग गाउँपालिका "
  ],
  "सुर्खेत": [
    "गुर्भाकोट नगरपालिका ",
    "बीरेन्द्रनगर नगरपालिका ",
    "भेरीगंगा नगरपालिका ",
    "पञ्चपुरी नगरपालिका ",
    "लेकवेशी नगरपालिका ",
    "सिम्ता गाउँपालिका ",
    "बराहताल गाउँपालिका ",
    "चौकुने गाउँपालिका ",
    "चिङ्गाड गाउँपालिका "
  ],
  "दैलेख": [
    "आठबीस नगरपालिका ",
    "नारायण नगरपालिका ",
    "चामुण्डा विन्द्रासैनी नगरपालिका ",
    "दुल्लु नगरपालिका ",
    "गुराँस गाउँपालिका ",
    "भैरवी गाउँपालिका ",
    "नौमुले गाउँपालिका ",
    "महावु गाउँपालिका ",
    "ठाँटीकाँध गाउँपालिका ",
    "भगवतीमाई गाउँपालिका ",
    "डुंगेश्वर गाउँपालिका "
  ],
  "जाजरकोट": [
    "छेडागाड नगरपालिका ",
    "भेरी नगरपालिका ",
    "नलगाड नगरपालिका ",
    "जुनीचाँदे गाउँपालिका ",
    "कुसे गाउँपालिका ",
    "बारेकोट गाउँपालिका ",
    "शिवालय गाउँपालिका "
  ],
  "दार्चुला": [
    "महाकाली नगरपालिका ",
    "शैल्यशिखर नगरपालिका ",
    "नौगाड गाउँपालिका ",
    "मालिकार्जुन गाउँपालिका ",
    "मार्मा गाउँपालिका ",
    "लेकम गाउँपालिका ",
    "दुहुँ गाउँपालिका ",
    "ब्याँस गाउँपालिका ",
    "अपिहिमाल गाउँपालिका "
  ],
  "बझाङ": [
    "जयपृथ्वी नगरपालिका ",
    "बुंगल नगरपालिका ",
    "केदारस्युँ गाउँपालिका ",
    "थलारा गाउँपालिका ",
    "वित्थडचिर गाउँपालिका ",
    "छबिसपाथिभेरा गाउँपालिका ",
    "खप्तडछान्ना गाउँपालिका ",
    "मष्टा गाउँपालिका ",
    "दुर्गाथली गाउँपालिका ",
    "तलकोट गाउँपालिका ",
    "सूर्मा गाउँपालिका ",
    "साइपाल गाउँपालिका "
  ],
  "बाजुरा": [
    "बडीमालिका नगरपालिका ",
    "त्रिवेणी नगरपालिका ",
    "बुढीगंगा नगरपालिका ",
    "बुढीनन्दा नगरपालिका ",
    "खप्तड छेडेदह गाउँपालिका ",
    "स्वामीकार्तिक खापर गाउँपालिका ",
    "जगन्‍नाथ गाउँपालिका ",
    "हिमाली गाउँपालिका ",
    "गौमुल गाउँपालिका "
  ],
  "बैतडी": [
    "दशरथचन्द नगरपालिका ",
    "पाटन नगरपालिका ",
    "मेलौली नगरपालिका ",
    "पुर्चौडी नगरपालिका ",
    "दोगडाकेदार गाउँपालिका ",
    "डीलासैनी गाउँपालिका ",
    "सिगास गाउँपालिका ",
    "पञ्चेश्वर गाउँपालिका ",
    "सुर्नया गाउँपालिका ",
    "शिवनाथ गाउँपालिका "
  ],
  "डोटी": [
    "दिपायल सिलगढी नगरपालिका ",
    "शिखर नगरपालिका ",
    "आदर्श गाउँपालिका ",
    "पूर्वीचौकी गाउँपालिका ",
    "के.आई.सिं. गाउँपालिका ",
    "जोरायल गाउँपालिका ",
    "सायल गाउँपालिका ",
    "बोगटान फुड्सिल गाउँपालिका ",
    "बडीकेदार गाउँपालिका "
  ],
  "अछाम": [
    "मंगलसेन नगरपालिका ",
    "कमलबजार नगरपालिका ",
    "साँफेबगर नगरपालिका ",
    "पन्चदेवल विनायक नगरपालिका ",
    "रामारोशन गाउँपालिका ",
    "चौरपाटी गाउँपालिका ",
    "तुर्माखाँद गाउँपालिका ",
    "मेल्लेख गाउँपालिका ",
    "ढकारी गाउँपालिका ",
    "बान्निगढी जयगढ गाउँपालिका "
  ],
  "डडेलधुरा": [
    "अमरगढी नगरपालिका ",
    "परशुराम नगरपालिका ",
    "नवदुर्गा गाउँपालिका ",
    "आलिताल गाउँपालिका ",
    "गन्यापधुरा गाउँपालिका ",
    "भागेश्वर गाउँपालिका ",
    "अजयमेरु गाउँपालिका "
  ],
  "कञ्चनपुर": [
    "बेलौरी नगरपालिका ",
    "कृष्णपुर नगरपालिका ",
    "भीमदत्त नगरपालिका ",
    "पुर्नवास नगरपालिका ",
    "वेदकोट नगरपालिका ",
    "माहाकाली नगरपालिका ",
    "शुक्लाफाँटा नगरपालिका ",
    "लालझाडी गाउँपालिका ",
    "बेलडाडी गाउँपालिका "
  ],
  "कैलाली": [
    "धनगढी उपमहानगरपालिका",
    "टिकापुर नगरपालिका ",
    "घोडाघोडी नगरपालिका ",
    "लम्कीचुहा नगरपालिका ",
    "भजनी नगरपालिका ",
    "गोदावरी नगरपालिका ",
    "गौरीगंगा नगरपालिका ",
    "जानकी गाउँपालिका ",
    "कैलारी गाउँपालिका ",
    "जोशीपुर गाउँपालिका ",
    "बर्दगोरिया गाउँपालिका ",
    "मोहन्याल गाउँपालिका ",
    "चुरे गाउँपालिका "
  ]
}
