{
  "कोशी": [
    "भोजपुर",
    "धनकुटा",
    "इलाम",
    "झापा",
    "खोटाङ",
    "मोरङ",
    "ओखलढुंगा",
    "पांचथर",
    "संखुवासभा",
    "सोलुखुम्बू",
    "सुनसरी",
    "ताप्लेजुंग",
    "तेह्रथुम",
    "उदयपुर"
  ],
  "मधेश": [
    "पर्सा",
    "बारा",
    "रौतहट",
    "सर्लाही",
    "सिरहा",
    "धनुषा",
    "सप्तरी",
    "महोत्तरी"
  ],
  "वागमती": [
    "भक्तपुर",
    "चितवन",
    "धादिंङ्ग",
    "दोलखा",
    "काठमाडौँ",
    "काभ्रेपलान्चोक",
    "ललितपुर",
    "मकवानपुर",
    "नुवाकोट",
    "रामेछाप",
    "रसुवा",
    "सिन्धुली",
    "सिन्धुपाल्चोक"
  ],
  "गण्डकी": [
    "बागलुङ",
    "गोरखा",
    "कास्की",
    "लमजुङ",
    "मनाङ",
    "मुस्ताङ",
    "म्याग्दी",
    "नवलपरासी (पूर्व)",
    "पर्वत",
    "स्याङग्जा",
    "तनहुँ"
  ],
  "लुम्बिनी": [
    "कपिलवस्तु",
    "नवलपरासी (पश्चिम)",
    "रुपन्देही",
    "अर्घाखाँची",
    "गुल्मी",
    "पाल्पा",
    "दाङ",
    "प्युठान",
    "रोल्पा",
    "रुकुम (पूर्व)",
    "बाँके",
    "बर्दिया"
  ],
  "कर्णाली": [
    "रुकुम (पश्चिम)",
    "सल्यान",
    "डोल्पा",
    "हुम्ला",
    "जुम्ला",
    "कालिकोट",
    "मुगु",
    "सुर्खेत",
    "दैलेख",
    "जाजरकोट"
  ],
  "सुदुर पश्चिम": [
    "दार्चुला",
    "बझाङ",
    "बाजुरा",
    "बैतडी",
    "डोटी",
    "अछाम",
    "डडेलधुरा",
    "कञ्चनपुर",
    "कैलाली"
  ]
}
